timestamp,location_id,location_name,current_rainfall_mm,current_precipitation_mm,rainfall_forecast_mm,precipitation_forecast_mm,precipitation_probability
2026-09-08 00:00:00,1,Mundakkai,0.0,0.0,0.0,0.0,0.0
2026-09-08 01:00:00,1,Mundakkai,0.0,0.0,0.0,0.0,0.0
2026-09-08 02:00:00,1,Mundakkai,0.0,0.0,0.0,0.0,0.0
2026-09-08 03:00:00,1,Mundakkai,0.0,0.0,0.0,0.0,1.0
2026-09-08 04:00:00,1,Mundakkai,0.0,0.0,0.0,0.0,3.0
2026-09-08 05:00:00,1,Mundakkai,0.0,0.0,0.0,0.0,4.0
2026-09-08 06:00:00,1,Mundakkai,0.0,0.0,0.0,0.0,2.0
2026-09-08 07:00:00,1,Mundakkai,0.0,0.0,0.0,0.0,0.0
2026-09-08 08:00:00,1,Mundakkai,0.0,0.0,0.0,0.0,0.0
2026-09-08 09:00:00,1,Mundakkai,0.0,0.0,0.0,0.0,10.0
2026-09-08 10:00:00,1,Mundakkai,0.0,0.0,0.0,0.0,24.0
2026-09-08 11:00:00,1,Mundakkai,0.0,0.0,0.1,0.2,41.0
2026-09-08 12:00:00,1,Mundakkai,0.0,0.0,0.0,0.0,62.0
2026-09-08 13:00:00,1,Mundakkai,0.0,0.0,0.1,0.1,84.0
2026-09-08 14:00:00,1,Mundakkai,0.0,0.0,0.2,0.2,100.0
2026-09-08 15:00:00,1,Mundakkai,0.0,0.0,0.20000002,0.3,100.0
2026-09-08 16:00:00,1,Mundakkai,0.0,0.0,0.0,0.1,100.0
2026-09-08 17:00:00,1,Mundakkai,0.0,0.0,0.0,0.1,94.0
2026-09-08 18:00:00,1,Mundakkai,0.0,0.0,0.0,0.0,82.0
2026-09-08 19:00:00,1,Mundakkai,0.0,0.0,0.0,0.0,66.0
2026-09-08 20:00:00,1,Mundakkai,0.0,0.0,0.0,0.0,49.0
2026-09-08 21:00:00,1,Mundakkai,0.0,0.0,0.0,0.0,31.0
2026-09-08 22:00:00,1,Mundakkai,0.0,0.0,0.0,0.0,13.0
2026-09-08 23:00:00,1,Mundakkai,0.0,0.0,0.0,0.0,0.0
2026-09-09 00:00:00,1,Mundakkai,0.0,0.0,0.0,0.0,0.0
2026-09-09 01:00:00,1,Mundakkai,0.0,0.0,0.0,0.0,0.0
2026-09-09 02:00:00,1,Mundakkai,0.0,0.0,0.0,0.0,0.0
2026-09-09 03:00:00,1,Mundakkai,0.0,0.0,0.0,0.0,0.0
2026-09-09 04:00:00,1,Mundakkai,0.0,0.0,0.0,0.0,0.0
2026-09-09 05:00:00,1,Mundakkai,0.0,0.0,0.0,0.0,0.0
2026-09-09 06:00:00,1,Mundakkai,0.0,0.0,0.0,0.0,0.0
2026-09-09 07:00:00,1,Mundakkai,0.0,0.0,0.0,0.0,0.0
2026-09-09 08:00:00,1,Mundakkai,0.0,0.0,0.0,0.0,0.0
2026-09-09 09:00:00,1,Mundakkai,0.0,0.0,0.0,0.0,10.0
2026-09-09 10:00:00,1,Mundakkai,0.0,0.0,0.0,0.0,23.0
2026-09-09 11:00:00,1,Mundakkai,0.0,0.0,0.0,0.0,39.0
2026-09-09 12:00:00,1,Mundakkai,0.0,0.0,0.1,0.1,58.0
2026-09-09 13:00:00,1,Mundakkai,0.0,0.0,0.2,0.2,79.0
2026-09-09 14:00:00,1,Mundakkai,0.0,0.0,0.2,0.4,94.0
2026-09-09 15:00:00,1,Mundakkai,0.0,0.0,0.20000002,0.3,100.0
2026-09-09 16:00:00,1,Mundakkai,0.0,0.0,0.1,0.2,100.0
2026-09-09 17:00:00,1,Mundakkai,0.0,0.0,0.0,0.1,96.0
2026-09-09 18:00:00,1,Mundakkai,0.0,0.0,0.1,0.1,75.0
2026-09-09 19:00:00,1,Mundakkai,0.0,0.0,0.0,0.0,45.0
2026-09-09 20:00:00,1,Mundakkai,0.0,0.0,0.0,0.0,22.0
2026-09-09 21:00:00,1,Mundakkai,0.0,0.0,0.0,0.0,11.0
2026-09-09 22:00:00,1,Mundakkai,0.0,0.0,0.0,0.0,5.0
2026-09-09 23:00:00,1,Mundakkai,0.0,0.0,0.0,0.0,2.0
2026-09-10 00:00:00,1,Mundakkai,0.0,0.0,0.0,0.0,0.0
2026-09-10 01:00:00,1,Mundakkai,0.0,0.0,0.0,0.0,0.0
2026-09-10 02:00:00,1,Mundakkai,0.0,0.0,0.0,0.0,0.0
2026-09-10 03:00:00,1,Mundakkai,0.0,0.0,0.0,0.0,0.0
2026-09-10 04:00:00,1,Mundakkai,0.0,0.0,0.0,0.0,0.0
2026-09-10 05:00:00,1,Mundakkai,0.0,0.0,0.0,0.0,0.0
2026-09-10 06:00:00,1,Mundakkai,0.0,0.0,0.0,0.0,0.0
2026-09-10 07:00:00,1,Mundakkai,0.0,0.0,0.0,0.0,0.0
2026-09-10 08:00:00,1,Mundakkai,0.0,0.0,0.0,0.0,0.0
2026-09-10 09:00:00,1,Mundakkai,0.0,0.0,0.0,0.0,2.0
2026-09-10 10:00:00,1,Mundakkai,0.0,0.0,0.0,0.0,7.0
2026-09-10 11:00:00,1,Mundakkai,0.0,0.0,0.0,0.0,18.0
2026-09-10 12:00:00,1,Mundakkai,0.0,0.0,0.1,0.1,43.0
2026-09-10 13:00:00,1,Mundakkai,0.0,0.0,0.1,0.1,76.0
2026-09-10 14:00:00,1,Mundakkai,0.0,0.0,0.19999999,0.7,98.0
2026-09-10 15:00:00,1,Mundakkai,0.0,0.0,0.59999996,0.7,100.0
2026-09-10 16:00:00,1,Mundakkai,0.0,0.0,0.20000002,0.3,100.0
2026-09-10 17:00:00,1,Mundakkai,0.0,0.0,0.1,0.1,90.0
2026-09-10 18:00:00,1,Mundakkai,0.0,0.0,0.1,0.1,66.0
2026-09-10 19:00:00,1,Mundakkai,0.0,0.0,0.0,0.0,34.0
2026-09-10 20:00:00,1,Mundakkai,0.0,0.0,0.0,0.0,10.0
2026-09-10 21:00:00,1,Mundakkai,0.0,0.0,0.0,0.0,2.0
2026-09-10 22:00:00,1,Mundakkai,0.0,0.0,0.0,0.0,1.0
2026-09-10 23:00:00,1,Mundakkai,0.0,0.0,0.0,0.0,2.0
2026-09-08 00:00:00,2,Chooralmala,0.0,0.0,0.0,0.0,0.0
2026-09-08 01:00:00,2,Chooralmala,0.0,0.0,0.0,0.0,0.0
2026-09-08 02:00:00,2,Chooralmala,0.0,0.0,0.0,0.0,0.0
2026-09-08 03:00:00,2,Chooralmala,0.0,0.0,0.0,0.0,0.0
2026-09-08 04:00:00,2,Chooralmala,0.0,0.0,0.0,0.0,0.0
2026-09-08 05:00:00,2,Chooralmala,0.0,0.0,0.0,0.0,0.0
2026-09-08 06:00:00,2,Chooralmala,0.0,0.0,0.0,0.0,0.0
2026-09-08 07:00:00,2,Chooralmala,0.0,0.0,0.0,0.0,0.0
2026-09-08 08:00:00,2,Chooralmala,0.0,0.0,0.0,0.0,0.0
2026-09-08 09:00:00,2,Chooralmala,0.0,0.0,0.0,0.0,5.0
2026-09-08 10:00:00,2,Chooralmala,0.0,0.0,0.0,0.1,13.0
2026-09-08 11:00:00,2,Chooralmala,0.0,0.0,0.1,0.2,24.0
2026-09-08 12:00:00,2,Chooralmala,0.0,0.0,0.1,0.1,39.0
2026-09-08 13:00:00,2,Chooralmala,0.0,0.0,0.1,0.1,57.0
2026-09-08 14:00:00,2,Chooralmala,0.0,0.0,0.1,0.2,71.0
2026-09-08 15:00:00,2,Chooralmala,0.0,0.0,0.099999994,0.4,80.0
2026-09-08 16:00:00,2,Chooralmala,0.0,0.0,0.0,0.0,85.0
2026-09-08 17:00:00,2,Chooralmala,0.0,0.0,0.0,0.0,80.0
2026-09-08 18:00:00,2,Chooralmala,0.0,0.0,0.0,0.0,57.0
2026-09-08 19:00:00,2,Chooralmala,0.0,0.0,0.0,0.0,24.0
2026-09-08 20:00:00,2,Chooralmala,0.0,0.0,0.0,0.0,0.0
2026-09-08 21:00:00,2,Chooralmala,0.0,0.0,0.0,0.0,0.0
2026-09-08 22:00:00,2,Chooralmala,0.0,0.0,0.0,0.0,0.0
2026-09-08 23:00:00,2,Chooralmala,0.0,0.0,0.0,0.0,0.0
2026-09-09 00:00:00,2,Chooralmala,0.0,0.0,0.0,0.0,0.0
2026-09-09 01:00:00,2,Chooralmala,0.0,0.0,0.0,0.0,0.0
2026-09-09 02:00:00,2,Chooralmala,0.0,0.0,0.0,0.0,0.0
2026-09-09 03:00:00,2,Chooralmala,0.0,0.0,0.0,0.0,0.0
2026-09-09 04:00:00,2,Chooralmala,0.0,0.0,0.0,0.0,0.0
2026-09-09 05:00:00,2,Chooralmala,0.0,0.0,0.0,0.0,0.0
2026-09-09 06:00:00,2,Chooralmala,0.0,0.0,0.0,0.0,0.0
2026-09-09 07:00:00,2,Chooralmala,0.0,0.0,0.0,0.0,0.0
2026-09-09 08:00:00,2,Chooralmala,0.0,0.0,0.0,0.0,0.0
2026-09-09 09:00:00,2,Chooralmala,0.0,0.0,0.0,0.1,9.0
2026-09-09 10:00:00,2,Chooralmala,0.0,0.0,0.0,0.1,22.0
2026-09-09 11:00:00,2,Chooralmala,0.0,0.0,0.1,0.1,35.0
2026-09-09 12:00:00,2,Chooralmala,0.0,0.0,0.2,0.2,49.0
2026-09-09 13:00:00,2,Chooralmala,0.0,0.0,0.4,0.5,63.0
2026-09-09 14:00:00,2,Chooralmala,0.0,0.0,0.4,0.5,75.0
2026-09-09 15:00:00,2,Chooralmala,0.0,0.0,0.1,0.2,85.0
2026-09-09 16:00:00,2,Chooralmala,0.0,0.0,0.20000002,0.3,93.0
2026-09-09 17:00:00,2,Chooralmala,0.0,0.0,0.0,0.0,90.0
2026-09-09 18:00:00,2,Chooralmala,0.0,0.0,0.3,0.3,67.0
2026-09-09 19:00:00,2,Chooralmala,0.0,0.0,0.0,0.0,33.0
2026-09-09 20:00:00,2,Chooralmala,0.0,0.0,0.0,0.0,8.0
2026-09-09 21:00:00,2,Chooralmala,0.0,0.0,0.0,0.0,0.0
2026-09-09 22:00:00,2,Chooralmala,0.0,0.0,0.0,0.0,0.0
2026-09-09 23:00:00,2,Chooralmala,0.0,0.0,0.0,0.0,0.0
2026-09-10 00:00:00,2,Chooralmala,0.0,0.0,0.0,0.0,0.0
2026-09-10 01:00:00,2,Chooralmala,0.0,0.0,0.0,0.0,0.0
2026-09-10 02:00:00,2,Chooralmala,0.0,0.0,0.0,0.0,0.0
2026-09-10 03:00:00,2,Chooralmala,0.0,0.0,0.0,0.0,0.0
2026-09-10 04:00:00,2,Chooralmala,0.0,0.0,0.0,0.0,0.0
2026-09-10 05:00:00,2,Chooralmala,0.0,0.0,0.0,0.0,0.0
2026-09-10 06:00:00,2,Chooralmala,0.0,0.0,0.0,0.0,0.0
2026-09-10 07:00:00,2,Chooralmala,0.0,0.0,0.0,0.0,0.0
2026-09-10 08:00:00,2,Chooralmala,0.0,0.0,0.0,0.0,0.0
2026-09-10 09:00:00,2,Chooralmala,0.0,0.0,0.0,0.0,2.0
2026-09-10 10:00:00,2,Chooralmala,0.0,0.0,0.0,0.0,5.0
2026-09-10 11:00:00,2,Chooralmala,0.0,0.0,0.0,0.0,14.0
2026-09-10 12:00:00,2,Chooralmala,0.0,0.0,0.1,0.1,34.0
2026-09-10 13:00:00,2,Chooralmala,0.0,0.0,0.1,0.1,60.0
2026-09-10 14:00:00,2,Chooralmala,0.0,0.0,0.20000002,0.3,80.0
2026-09-10 15:00:00,2,Chooralmala,0.0,0.0,0.9,1.5,93.0
2026-09-10 16:00:00,2,Chooralmala,0.0,0.0,0.3,0.3,100.0
2026-09-10 17:00:00,2,Chooralmala,0.0,0.0,0.1,0.2,96.0
2026-09-10 18:00:00,2,Chooralmala,0.0,0.0,0.1,0.1,71.0
2026-09-10 19:00:00,2,Chooralmala,0.0,0.0,0.1,0.1,34.0
2026-09-10 20:00:00,2,Chooralmala,0.0,0.0,0.0,0.0,6.0
2026-09-10 21:00:00,2,Chooralmala,0.0,0.0,0.0,0.1,0.0
2026-09-10 22:00:00,2,Chooralmala,0.0,0.0,0.1,0.1,0.0
2026-09-10 23:00:00,2,Chooralmala,0.0,0.0,0.0,0.0,2.0
2026-09-08 00:00:00,3,Meppadi,0.0,0.0,0.0,0.0,0.0
2026-09-08 01:00:00,3,Meppadi,0.0,0.0,0.0,0.0,0.0
2026-09-08 02:00:00,3,Meppadi,0.0,0.0,0.0,0.0,0.0
2026-09-08 03:00:00,3,Meppadi,0.0,0.0,0.0,0.0,0.0
2026-09-08 04:00:00,3,Meppadi,0.0,0.0,0.0,0.0,0.0
2026-09-08 05:00:00,3,Meppadi,0.0,0.0,0.0,0.0,0.0
2026-09-08 06:00:00,3,Meppadi,0.0,0.0,0.0,0.0,0.0
2026-09-08 07:00:00,3,Meppadi,0.0,0.0,0.0,0.0,0.0
2026-09-08 08:00:00,3,Meppadi,0.0,0.0,0.0,0.0,0.0
2026-09-08 09:00:00,3,Meppadi,0.0,0.0,0.0,0.0,5.0
2026-09-08 10:00:00,3,Meppadi,0.0,0.0,0.0,0.0,13.0
2026-09-08 11:00:00,3,Meppadi,0.0,0.0,0.1,0.1,24.0
2026-09-08 12:00:00,3,Meppadi,0.0,0.0,0.1,0.1,39.0
2026-09-08 13:00:00,3,Meppadi,0.0,0.0,0.1,0.1,57.0
2026-09-08 14:00:00,3,Meppadi,0.0,0.0,0.3,0.4,71.0
2026-09-08 15:00:00,3,Meppadi,0.0,0.0,0.3,0.5,80.0
2026-09-08 16:00:00,3,Meppadi,0.0,0.0,0.10000001,0.3,85.0
2026-09-08 17:00:00,3,Meppadi,0.0,0.0,0.1,0.1,80.0
2026-09-08 18:00:00,3,Meppadi,0.0,0.0,0.0,0.0,57.0
2026-09-08 19:00:00,3,Meppadi,0.0,0.0,0.0,0.0,24.0
2026-09-08 20:00:00,3,Meppadi,0.0,0.0,0.0,0.0,0.0
2026-09-08 21:00:00,3,Meppadi,0.0,0.0,0.0,0.0,0.0
2026-09-08 22:00:00,3,Meppadi,0.0,0.0,0.0,0.0,0.0
2026-09-08 23:00:00,3,Meppadi,0.0,0.0,0.0,0.0,0.0
2026-09-09 00:00:00,3,Meppadi,0.0,0.0,0.0,0.0,0.0
2026-09-09 01:00:00,3,Meppadi,0.0,0.0,0.0,0.0,0.0
2026-09-09 02:00:00,3,Meppadi,0.0,0.0,0.0,0.0,0.0
2026-09-09 03:00:00,3,Meppadi,0.0,0.0,0.0,0.0,0.0
2026-09-09 04:00:00,3,Meppadi,0.0,0.0,0.0,0.0,0.0
2026-09-09 05:00:00,3,Meppadi,0.0,0.0,0.0,0.0,0.0
2026-09-09 06:00:00,3,Meppadi,0.0,0.0,0.0,0.0,0.0
2026-09-09 07:00:00,3,Meppadi,0.0,0.0,0.0,0.0,0.0
2026-09-09 08:00:00,3,Meppadi,0.0,0.0,0.0,0.0,0.0
2026-09-09 09:00:00,3,Meppadi,0.0,0.0,0.1,0.1,9.0
2026-09-09 10:00:00,3,Meppadi,0.0,0.0,0.0,0.1,22.0
2026-09-09 11:00:00,3,Meppadi,0.0,0.0,0.0,0.0,35.0
2026-09-09 12:00:00,3,Meppadi,0.0,0.0,0.1,0.1,49.0
2026-09-09 13:00:00,3,Meppadi,0.0,0.0,0.2,0.2,63.0
2026-09-09 14:00:00,3,Meppadi,0.0,0.0,0.4,0.5,75.0
2026-09-09 15:00:00,3,Meppadi,0.0,0.0,0.3,0.4,85.0
2026-09-09 16:00:00,3,Meppadi,0.0,0.0,0.40000004,0.6,93.0
2026-09-09 17:00:00,3,Meppadi,0.0,0.0,0.20000002,0.3,90.0
2026-09-09 18:00:00,3,Meppadi,0.0,0.0,0.3,0.3,67.0
2026-09-09 19:00:00,3,Meppadi,0.0,0.0,0.0,0.0,33.0
2026-09-09 20:00:00,3,Meppadi,0.0,0.0,0.0,0.0,8.0
2026-09-09 21:00:00,3,Meppadi,0.0,0.0,0.0,0.0,0.0
2026-09-09 22:00:00,3,Meppadi,0.0,0.0,0.0,0.0,0.0
2026-09-09 23:00:00,3,Meppadi,0.0,0.0,0.0,0.0,0.0
2026-09-10 00:00:00,3,Meppadi,0.0,0.0,0.0,0.0,0.0
2026-09-10 01:00:00,3,Meppadi,0.0,0.0,0.0,0.0,0.0
2026-09-10 02:00:00,3,Meppadi,0.0,0.0,0.0,0.0,0.0
2026-09-10 03:00:00,3,Meppadi,0.0,0.0,0.0,0.0,0.0
2026-09-10 04:00:00,3,Meppadi,0.0,0.0,0.0,0.0,0.0
2026-09-10 05:00:00,3,Meppadi,0.0,0.0,0.0,0.0,0.0
2026-09-10 06:00:00,3,Meppadi,0.0,0.0,0.0,0.0,0.0
2026-09-10 07:00:00,3,Meppadi,0.0,0.0,0.0,0.0,0.0
2026-09-10 08:00:00,3,Meppadi,0.0,0.0,0.0,0.0,0.0
2026-09-10 09:00:00,3,Meppadi,0.0,0.0,0.0,0.0,2.0
2026-09-10 10:00:00,3,Meppadi,0.0,0.0,0.0,0.0,5.0
2026-09-10 11:00:00,3,Meppadi,0.0,0.0,0.0,0.0,14.0
2026-09-10 12:00:00,3,Meppadi,0.0,0.0,0.0,0.0,34.0
2026-09-10 13:00:00,3,Meppadi,0.0,0.0,0.0,0.0,60.0
2026-09-10 14:00:00,3,Meppadi,0.0,0.0,0.2,0.2,80.0
2026-09-10 15:00:00,3,Meppadi,0.0,0.0,0.5,0.8,93.0
2026-09-10 16:00:00,3,Meppadi,0.0,0.0,0.1,0.1,100.0
2026-09-10 17:00:00,3,Meppadi,0.0,0.0,0.1,0.1,96.0
2026-09-10 18:00:00,3,Meppadi,0.0,0.0,0.0,0.0,71.0
2026-09-10 19:00:00,3,Meppadi,0.0,0.0,0.0,0.0,34.0
2026-09-10 20:00:00,3,Meppadi,0.0,0.0,0.0,0.0,6.0
2026-09-10 21:00:00,3,Meppadi,0.0,0.0,0.0,0.0,0.0
2026-09-10 22:00:00,3,Meppadi,0.0,0.0,0.1,0.2,0.0
2026-09-10 23:00:00,3,Meppadi,0.0,0.0,0.1,0.1,2.0
2026-09-08 00:00:00,4,Vythiri,0.0,0.0,0.0,0.0,0.0
2026-09-08 01:00:00,4,Vythiri,0.0,0.0,0.0,0.0,0.0
2026-09-08 02:00:00,4,Vythiri,0.0,0.0,0.0,0.0,0.0
2026-09-08 03:00:00,4,Vythiri,0.0,0.0,0.0,0.0,0.0
2026-09-08 04:00:00,4,Vythiri,0.0,0.0,0.0,0.0,0.0
2026-09-08 05:00:00,4,Vythiri,0.0,0.0,0.0,0.0,0.0
2026-09-08 06:00:00,4,Vythiri,0.0,0.0,0.0,0.0,0.0
2026-09-08 07:00:00,4,Vythiri,0.0,0.0,0.0,0.0,0.0
2026-09-08 08:00:00,4,Vythiri,0.0,0.0,0.0,0.0,0.0
2026-09-08 09:00:00,4,Vythiri,0.0,0.0,0.0,0.0,26.0
2026-09-08 10:00:00,4,Vythiri,0.0,0.0,0.0,0.1,61.0
2026-09-08 11:00:00,4,Vythiri,0.0,0.0,0.1,0.2,88.0
2026-09-08 12:00:00,4,Vythiri,0.0,0.0,0.1,0.1,98.0
2026-09-08 13:00:00,4,Vythiri,0.0,0.0,0.1,0.1,100.0
2026-09-08 14:00:00,4,Vythiri,0.0,0.0,0.1,0.2,100.0
2026-09-08 15:00:00,4,Vythiri,0.0,0.0,0.099999994,0.4,100.0
2026-09-08 16:00:00,4,Vythiri,0.0,0.0,0.0,0.0,100.0
2026-09-08 17:00:00,4,Vythiri,0.0,0.0,0.0,0.0,98.0
2026-09-08 18:00:00,4,Vythiri,0.0,0.0,0.0,0.0,69.0
2026-09-08 19:00:00,4,Vythiri,0.0,0.0,0.0,0.0,29.0
2026-09-08 20:00:00,4,Vythiri,0.0,0.0,0.0,0.0,0.0
2026-09-08 21:00:00,4,Vythiri,0.0,0.0,0.0,0.0,0.0
2026-09-08 22:00:00,4,Vythiri,0.0,0.0,0.0,0.0,0.0
2026-09-08 23:00:00,4,Vythiri,0.0,0.0,0.0,0.0,0.0
2026-09-09 00:00:00,4,Vythiri,0.0,0.0,0.0,0.0,0.0
2026-09-09 01:00:00,4,Vythiri,0.0,0.0,0.0,0.0,0.0
2026-09-09 02:00:00,4,Vythiri,0.0,0.0,0.0,0.0,0.0
2026-09-09 03:00:00,4,Vythiri,0.0,0.0,0.0,0.0,1.0
2026-09-09 04:00:00,4,Vythiri,0.0,0.0,0.0,0.0,2.0
2026-09-09 05:00:00,4,Vythiri,0.0,0.0,0.0,0.0,2.0
2026-09-09 06:00:00,4,Vythiri,0.0,0.0,0.0,0.0,0.0
2026-09-09 07:00:00,4,Vythiri,0.0,0.0,0.0,0.0,0.0
2026-09-09 08:00:00,4,Vythiri,0.0,0.0,0.0,0.0,0.0
2026-09-09 09:00:00,4,Vythiri,0.0,0.0,0.0,0.1,21.0
2026-09-09 10:00:00,4,Vythiri,0.0,0.0,0.0,0.1,51.0
2026-09-09 11:00:00,4,Vythiri,0.0,0.0,0.1,0.1,75.0
2026-09-09 12:00:00,4,Vythiri,0.0,0.0,0.2,0.2,88.0
2026-09-09 13:00:00,4,Vythiri,0.0,0.0,0.4,0.5,95.0
2026-09-09 14:00:00,4,Vythiri,0.0,0.0,0.4,0.5,100.0
2026-09-09 15:00:00,4,Vythiri,0.0,0.0,0.1,0.2,100.0
2026-09-09 16:00:00,4,Vythiri,0.0,0.0,0.20000002,0.3,100.0
2026-09-09 17:00:00,4,Vythiri,0.0,0.0,0.0,0.0,100.0
2026-09-09 18:00:00,4,Vythiri,0.0,0.0,0.3,0.3,72.0
2026-09-09 19:00:00,4,Vythiri,0.0,0.0,0.0,0.0,34.0
2026-09-09 20:00:00,4,Vythiri,0.0,0.0,0.0,0.0,6.0
2026-09-09 21:00:00,4,Vythiri,0.0,0.0,0.0,0.0,0.0
2026-09-09 22:00:00,4,Vythiri,0.0,0.0,0.0,0.0,0.0
2026-09-09 23:00:00,4,Vythiri,0.0,0.0,0.0,0.0,0.0
2026-09-10 00:00:00,4,Vythiri,0.0,0.0,0.0,0.0,0.0
2026-09-10 01:00:00,4,Vythiri,0.0,0.0,0.0,0.0,0.0
2026-09-10 02:00:00,4,Vythiri,0.0,0.0,0.0,0.0,0.0
2026-09-10 03:00:00,4,Vythiri,0.0,0.0,0.0,0.0,0.0
2026-09-10 04:00:00,4,Vythiri,0.0,0.0,0.0,0.0,0.0
2026-09-10 05:00:00,4,Vythiri,0.0,0.0,0.0,0.0,0.0
2026-09-10 06:00:00,4,Vythiri,0.0,0.0,0.0,0.0,0.0
2026-09-10 07:00:00,4,Vythiri,0.0,0.0,0.0,0.0,0.0
2026-09-10 08:00:00,4,Vythiri,0.0,0.0,0.0,0.0,2.0
2026-09-10 09:00:00,4,Vythiri,0.0,0.0,0.0,0.0,23.0
2026-09-10 10:00:00,4,Vythiri,0.0,0.0,0.0,0.0,53.0
2026-09-10 11:00:00,4,Vythiri,0.0,0.0,0.0,0.0,76.0
2026-09-10 12:00:00,4,Vythiri,0.0,0.0,0.1,0.1,88.0
2026-09-10 13:00:00,4,Vythiri,0.0,0.0,0.1,0.1,94.0
2026-09-10 14:00:00,4,Vythiri,0.0,0.0,0.20000002,0.3,98.0
2026-09-10 15:00:00,4,Vythiri,0.0,0.0,0.9,1.5,100.0
2026-09-10 16:00:00,4,Vythiri,0.0,0.0,0.3,0.3,100.0
2026-09-10 17:00:00,4,Vythiri,0.0,0.0,0.1,0.2,100.0
2026-09-10 18:00:00,4,Vythiri,0.0,0.0,0.1,0.1,81.0
2026-09-10 19:00:00,4,Vythiri,0.0,0.0,0.1,0.1,54.0
2026-09-10 20:00:00,4,Vythiri,0.0,0.0,0.0,0.0,31.0
2026-09-10 21:00:00,4,Vythiri,0.0,0.0,0.0,0.1,18.0
2026-09-10 22:00:00,4,Vythiri,0.0,0.0,0.1,0.1,10.0
2026-09-10 23:00:00,4,Vythiri,0.0,0.0,0.0,0.0,4.0
2026-09-08 00:00:00,5,Kalpetta,0.0,0.0,0.0,0.0,0.0
2026-09-08 01:00:00,5,Kalpetta,0.0,0.0,0.0,0.0,0.0
2026-09-08 02:00:00,5,Kalpetta,0.0,0.0,0.0,0.0,0.0
2026-09-08 03:00:00,5,Kalpetta,0.0,0.0,0.0,0.0,0.0
2026-09-08 04:00:00,5,Kalpetta,0.0,0.0,0.0,0.0,0.0
2026-09-08 05:00:00,5,Kalpetta,0.0,0.0,0.0,0.0,0.0
2026-09-08 06:00:00,5,Kalpetta,0.0,0.0,0.0,0.0,0.0
2026-09-08 07:00:00,5,Kalpetta,0.0,0.0,0.0,0.0,0.0
2026-09-08 08:00:00,5,Kalpetta,0.0,0.0,0.0,0.0,0.0
2026-09-08 09:00:00,5,Kalpetta,0.0,0.0,0.0,0.0,26.0
2026-09-08 10:00:00,5,Kalpetta,0.0,0.0,0.0,0.1,61.0
2026-09-08 11:00:00,5,Kalpetta,0.0,0.0,0.1,0.2,88.0
2026-09-08 12:00:00,5,Kalpetta,0.0,0.0,0.1,0.1,98.0
2026-09-08 13:00:00,5,Kalpetta,0.0,0.0,0.1,0.1,100.0
2026-09-08 14:00:00,5,Kalpetta,0.0,0.0,0.1,0.2,100.0
2026-09-08 15:00:00,5,Kalpetta,0.0,0.0,0.099999994,0.4,100.0
2026-09-08 16:00:00,5,Kalpetta,0.0,0.0,0.0,0.0,100.0
2026-09-08 17:00:00,5,Kalpetta,0.0,0.0,0.0,0.0,98.0
2026-09-08 18:00:00,5,Kalpetta,0.0,0.0,0.0,0.0,69.0
2026-09-08 19:00:00,5,Kalpetta,0.0,0.0,0.0,0.0,29.0
2026-09-08 20:00:00,5,Kalpetta,0.0,0.0,0.0,0.0,0.0
2026-09-08 21:00:00,5,Kalpetta,0.0,0.0,0.0,0.0,0.0
2026-09-08 22:00:00,5,Kalpetta,0.0,0.0,0.0,0.0,0.0
2026-09-08 23:00:00,5,Kalpetta,0.0,0.0,0.0,0.0,0.0
2026-09-09 00:00:00,5,Kalpetta,0.0,0.0,0.0,0.0,0.0
2026-09-09 01:00:00,5,Kalpetta,0.0,0.0,0.0,0.0,0.0
2026-09-09 02:00:00,5,Kalpetta,0.0,0.0,0.0,0.0,0.0
2026-09-09 03:00:00,5,Kalpetta,0.0,0.0,0.0,0.0,1.0
2026-09-09 04:00:00,5,Kalpetta,0.0,0.0,0.0,0.0,2.0
2026-09-09 05:00:00,5,Kalpetta,0.0,0.0,0.0,0.0,2.0
2026-09-09 06:00:00,5,Kalpetta,0.0,0.0,0.0,0.0,0.0
2026-09-09 07:00:00,5,Kalpetta,0.0,0.0,0.0,0.0,0.0
2026-09-09 08:00:00,5,Kalpetta,0.0,0.0,0.0,0.0,0.0
2026-09-09 09:00:00,5,Kalpetta,0.0,0.0,0.0,0.1,21.0
2026-09-09 10:00:00,5,Kalpetta,0.0,0.0,0.0,0.1,51.0
2026-09-09 11:00:00,5,Kalpetta,0.0,0.0,0.1,0.1,75.0
2026-09-09 12:00:00,5,Kalpetta,0.0,0.0,0.2,0.2,88.0
2026-09-09 13:00:00,5,Kalpetta,0.0,0.0,0.4,0.5,95.0
2026-09-09 14:00:00,5,Kalpetta,0.0,0.0,0.4,0.5,100.0
2026-09-09 15:00:00,5,Kalpetta,0.0,0.0,0.1,0.2,100.0
2026-09-09 16:00:00,5,Kalpetta,0.0,0.0,0.20000002,0.3,100.0
2026-09-09 17:00:00,5,Kalpetta,0.0,0.0,0.0,0.0,100.0
2026-09-09 18:00:00,5,Kalpetta,0.0,0.0,0.3,0.3,72.0
2026-09-09 19:00:00,5,Kalpetta,0.0,0.0,0.0,0.0,34.0
2026-09-09 20:00:00,5,Kalpetta,0.0,0.0,0.0,0.0,6.0
2026-09-09 21:00:00,5,Kalpetta,0.0,0.0,0.0,0.0,0.0
2026-09-09 22:00:00,5,Kalpetta,0.0,0.0,0.0,0.0,0.0
2026-09-09 23:00:00,5,Kalpetta,0.0,0.0,0.0,0.0,0.0
2026-09-10 00:00:00,5,Kalpetta,0.0,0.0,0.0,0.0,0.0
2026-09-10 01:00:00,5,Kalpetta,0.0,0.0,0.0,0.0,0.0
2026-09-10 02:00:00,5,Kalpetta,0.0,0.0,0.0,0.0,0.0
2026-09-10 03:00:00,5,Kalpetta,0.0,0.0,0.0,0.0,0.0
2026-09-10 04:00:00,5,Kalpetta,0.0,0.0,0.0,0.0,0.0
2026-09-10 05:00:00,5,Kalpetta,0.0,0.0,0.0,0.0,0.0
2026-09-10 06:00:00,5,Kalpetta,0.0,0.0,0.0,0.0,0.0
2026-09-10 07:00:00,5,Kalpetta,0.0,0.0,0.0,0.0,0.0
2026-09-10 08:00:00,5,Kalpetta,0.0,0.0,0.0,0.0,2.0
2026-09-10 09:00:00,5,Kalpetta,0.0,0.0,0.0,0.0,23.0
2026-09-10 10:00:00,5,Kalpetta,0.0,0.0,0.0,0.0,53.0
2026-09-10 11:00:00,5,Kalpetta,0.0,0.0,0.0,0.0,76.0
2026-09-10 12:00:00,5,Kalpetta,0.0,0.0,0.1,0.1,88.0
2026-09-10 13:00:00,5,Kalpetta,0.0,0.0,0.1,0.1,94.0
2026-09-10 14:00:00,5,Kalpetta,0.0,0.0,0.20000002,0.3,98.0
2026-09-10 15:00:00,5,Kalpetta,0.0,0.0,0.9,1.5,100.0
2026-09-10 16:00:00,5,Kalpetta,0.0,0.0,0.3,0.3,100.0
2026-09-10 17:00:00,5,Kalpetta,0.0,0.0,0.1,0.2,100.0
2026-09-10 18:00:00,5,Kalpetta,0.0,0.0,0.1,0.1,81.0
2026-09-10 19:00:00,5,Kalpetta,0.0,0.0,0.1,0.1,54.0
2026-09-10 20:00:00,5,Kalpetta,0.0,0.0,0.0,0.0,31.0
2026-09-10 21:00:00,5,Kalpetta,0.0,0.0,0.0,0.1,18.0
2026-09-10 22:00:00,5,Kalpetta,0.0,0.0,0.1,0.1,10.0
2026-09-10 23:00:00,5,Kalpetta,0.0,0.0,0.0,0.0,4.0
